title,topic_0,topic_1,topic_2,topic_3,topic_4,topic_5,topic_6,topic_7,topic_8,topic_9,topic_10,topic_11,topic_12,topic_13,topic_14,topic_15,topic_16,topic_17,topic_18,topic_19
Carmilla,7.775527e-06,7.907862e-06,1.2394211e-05,0.146186,1.7634005e-05,9.5347e-06,0.004685901,2.2094486e-05,0.46745354,0.34511018,0.0013844743,9.07726e-06,7.69663e-06,0.035028365,1.111161e-05,7.1870977e-06,9.134477e-06,1.1291197e-05,6.6270145e-06,1.21056e-05
The First Men in the Moon,2.6526632e-06,2.6978103e-06,4.2283523e-06,4.8371808e-06,6.015937e-06,3.2528148e-06,4.580427e-06,0.06363401,0.018977834,0.8641834,6.07579e-06,3.0967565e-06,2.6257471e-06,4.969543e-06,3.790786e-06,2.4519175e-06,3.1162765e-06,0.00034604335,2.2608422e-06,0.052802037
The Cask of Amontillado,7.3935116e-05,7.519346e-05,0.00011785278,0.00013482207,0.0001676764,9.0662565e-05,0.017853219,0.023330135,0.22968264,0.69504434,0.00016934462,8.63129e-05,7.318491e-05,0.0325543,0.000105656916,6.833993e-05,8.685696e-05,0.000107364554,6.301427e-05,0.000115108465
"Lives of the English Poets / From Johnson to Kirke White, Designed as a Continuation of Johnson's Lives",1.3912047e-06,1.4148823e-06,0.0036567287,2.536888e-06,0.0011840742,1.7059577e-06,2.8775441e-06,0.009575042,0.9542149,6.2013605e-06,3.1864836e-06,0.02816567,1.3770883e-06,2.6063058e-06,0.0028130442,1.2859224e-06,1.6343494e-06,0.00036098514,1.1857119e-06,2.1659455e-06
Dead Souls,1.2897945e-06,1.3117461e-06,0.0012340931,0.024815887,0.0013009117,1.581604e-06,2.2271238e-06,0.016318599,0.19356407,0.16398706,0.10407139,1.5057243e-06,1.2767072e-06,0.4936394,1.8431796e-06,1.1921866e-06,1.5152154e-06,0.0010516992,1.0992808e-06,2.0080615e-06
Mrs. Warren's Profession,0.0033789442,4.973202e-06,0.45166862,0.0051917573,1.1089909e-05,5.99631e-06,0.041524187,1.3895075e-05,0.3613201,0.118357,0.012283459,5.7086286e-06,4.8403595e-06,9.160964e-06,6.9880175e-06,4.519918e-06,5.7446123e-06,0.0061912085,4.167686e-06,7.613132e-06
"The Country of the Blind, and Other Stories",1.1381198e-06,1.15749e-06,1.8141661e-06,2.0753828e-06,2.5811257e-06,1.3956137e-06,1.965223e-06,0.026932487,0.07623752,0.8804575,2.6068058e-06,1.3286572e-06,1.1265715e-06,2.1321725e-06,1.6264291e-06,1.0519902e-06,1.3370322e-06,1.6527157e-06,9.700098e-07,0.016346509
"On the Origin of Species By Means of Natural Selection / Or, the Preservation of Favoured Races in the Struggle for Life",8.891303e-07,9.0426283e-07,1.4172762e-06,1.6213457e-06,2.016446e-06,1.0902916e-06,1.5352858e-06,0.9999699,4.4599924e-06,3.9633014e-06,2.0365078e-06,1.0379832e-06,8.801085e-07,1.6657114e-06,1.2706108e-06,8.2184357e-07,1.0445261e-06,1.2911466e-06,7.5779815e-07,1.3842736e-06
Cyrano de Bergerac,3.8399107e-06,3.905264e-06,0.8826397,0.045342106,0.046600148,4.708671e-06,6.6304797e-06,1.0911267e-05,1.9261928e-05,0.0004766556,8.79512e-06,4.4827657e-06,3.8009478e-06,0.002235128,0.022617014,3.5493174e-06,4.5110223e-06,5.5761093e-06,3.2727228e-06,5.9782988e-06
The Wheels of Chance: A Bicycling Idyll,3.062072e-06,3.1141867e-06,4.880951e-06,5.5837454e-06,6.944429e-06,3.7548502e-06,5.2873643e-06,8.701006e-06,0.058905877,0.41226003,0.52875775,3.574706e-06,3.0310016e-06,5.736536e-06,4.375851e-06,2.8303432e-06,3.5972387e-06,4.446574e-06,2.6097775e-06,4.7672934e-06
The Mysterious Island,1.0033035e-06,1.0203792e-06,1.5992684e-06,1.8295426e-06,2.2753775e-06,1.2302959e-06,1.7324319e-06,0.25221702,5.032789e-06,4.472269e-06,2.2980157e-06,1.1712706e-06,9.931231e-07,1.8796053e-06,1.43377e-06,9.2737645e-07,0.0037979966,0.74395365,8.551069e-07,1.562028e-06
The Stolen Bacillus and Other Incidents,4.0977147e-06,4.167456e-06,6.531769e-06,7.4722598e-06,9.293149e-06,5.0248022e-06,7.0756378e-06,0.0464587,2.0555148e-05,0.9507754,9.385608e-06,4.78373e-06,4.0561363e-06,7.676726e-06,5.8558358e-06,3.787612e-06,0.0026503005,5.9504787e-06,3.4924474e-06,6.3796706e-06
The Square Root of 2,0.00043161234,0.00043895814,0.0006879912,0.00078705314,0.0009788474,0.00052926247,0.18014689,0.4766382,0.16483104,0.0019239079,0.0009885861,0.1671925,0.00042723282,0.0008085897,0.0006167952,0.00039894917,0.0005070464,0.0006267639,0.0003678595,0.0006719707
The Waste Land,2.7425865e-05,0.091877356,4.3716904e-05,5.001158e-05,0.07320243,0.044707265,0.035126016,0.07066479,0.24753368,0.18732968,0.034794796,0.038419064,0.015960956,0.026671052,0.05171813,2.5350357e-05,0.041454833,3.9826347e-05,2.337483e-05,0.040330276
Twenty Years at Hull House; with Autobiographical Notes,1.2776953e-06,1.299441e-06,0.0013799866,0.007174861,2.897667e-06,1.5667674e-06,2.2062318e-06,0.044042286,0.5536994,5.6953763e-06,0.38259056,1.4915995e-06,1.2647307e-06,0.010944056,1.8258893e-06,1.1810031e-06,1.5010016e-06,0.00014356662,1.0889687e-06,1.9892245e-06
The Eighteenth Brumaire of Louis Bonaparte,2.5419206e-06,2.5851828e-06,4.0518285e-06,0.0066517135,5.7647853e-06,3.1170175e-06,4.3892046e-06,0.0062481896,0.051108487,1.1330661e-05,5.8221403e-06,0.0002108153,2.5161282e-06,0.93339187,0.0023316713,2.3495556e-06,2.9861792e-06,3.6912388e-06,2.166457e-06,3.957478e-06
The Lost World,2.6143596e-06,2.6588546e-06,4.1672965e-06,0.002501369,0.008108173,3.2058454e-06,4.514287e-06,0.16045189,0.12561141,0.50333685,0.033383176,3.0520403e-06,2.5878321e-06,0.13140127,3.7360483e-06,2.4165126e-06,3.0712786e-06,0.03285286,2.2281963e-06,0.0023187443
"The Jimmyjohn Boss, and Other Stories",2.6792666e-06,0.005868409,0.0010307913,0.0002680647,0.10432329,0.008257612,0.6137489,0.00476514,1.3439861e-05,1.1942949e-05,0.22196907,3.1278137e-06,2.6520806e-06,0.02879885,0.0015842288,2.4765077e-06,0.0081241075,0.0012187153,2.2835159e-06,4.1713097e-06
The Jungle,1.426138e-06,1.4504102e-06,2.273268e-06,2.6005894e-06,3.234318e-06,1.7487946e-06,2.462552e-06,4.052431e-06,7.153846e-06,6.357056e-06,0.99995095,1.6648936e-06,1.4116672e-06,2.6717505e-06,2.0380212e-06,1.3182121e-06,1.6753881e-06,2.07096e-06,1.2154852e-06,2.2203328e-06
The Natural History of Selborne,1.7446173e-06,1.7743098e-06,0.006229125,3.1813422e-06,0.028319785,2.1393282e-06,0.0028300658,0.66722924,0.10889974,0.10721966,0.055718116,0.005776407,0.011154079,0.004471859,0.002132711,1.6125898e-06,2.049529e-06,2.5334382e-06,1.4869223e-06,2.7161684e-06
Heidi,3.4579105e-06,3.5167623e-06,5.5119185e-06,6.3055645e-06,7.842145e-06,0.0030395172,5.9708696e-06,9.825798e-06,1.7345563e-05,0.99685335,7.920168e-06,4.0368136e-06,3.4228235e-06,6.4781066e-06,4.941524e-06,3.1962259e-06,4.062259e-06,5.0213894e-06,2.9471473e-06,5.3835684e-06
Pollyanna,3.6926588e-06,3.755506e-06,0.0069146575,0.0406441,0.942037,4.528104e-06,0.010296187,1.0492845e-05,1.8522958e-05,1.6460173e-05,8.457847e-06,4.310862e-06,3.6551899e-06,6.9178877e-06,5.2769906e-06,3.4132092e-06,4.338035e-06,5.362278e-06,3.1472214e-06,5.7490447e-06
The silent places,2.9391877e-06,2.989211e-06,4.6850732e-06,5.3596636e-06,6.6657412e-06,3.604164e-06,0.98592985,0.003784485,1.4743677e-05,1.3101553e-05,6.73206e-06,3.431249e-06,2.9093642e-06,0.002110056,4.2002434e-06,0.008089422,3.4528775e-06,4.268128e-06,2.5050444e-06,4.5759766e-06
The Moonstone,1.3602576e-06,1.3834084e-06,2.1682542e-06,2.4804551e-06,3.0849085e-06,1.668009e-06,2.3487942e-06,3.865229e-06,0.019831827,0.0003164894,3.1156007e-06,1.5879838e-06,1.3464552e-06,2.548329e-06,1.9438748e-06,1.2573172e-06,1.5979934e-06,0.9798166,1.1593359e-06,2.1177643e-06
Daddy-Long-Legs,4.972809e-06,5.0574436e-06,7.926671e-06,0.014057636,1.12777625e-05,6.097882e-06,0.80125827,1.4130445e-05,0.04445893,0.013544732,0.10448047,5.8053274e-06,0.0021414335,9.3161425e-06,0.010997158,4.596481e-06,5.8419205e-06,7.2212424e-06,4.2382826e-06,0.008974887
Doña Perfecta,6.487783e-07,0.9999769,1.0341545e-06,1.1830595e-06,1.4713551e-06,7.9556116e-07,1.1202635e-06,1.8435309e-06,3.254401e-06,2.8919405e-06,1.4859938e-06,7.57393e-07,6.421953e-07,1.2154321e-06,9.271361e-07,5.9968073e-07,7.6216713e-07,9.421206e-07,5.529482e-07,1.0100732e-06
The island of Doctor Moreau,4.273075e-06,4.3458003e-06,6.811293e-06,7.792032e-06,9.690845e-06,5.2398364e-06,7.3784363e-06,0.030886294,0.008794246,0.919448,9.787261e-06,4.988448e-06,4.2297165e-06,0.039519552,6.106434e-06,3.9497013e-06,0.0012607928,6.2051267e-06,3.641905e-06,6.6526854e-06
Peter Pan,4.523028e-06,4.6000077e-06,7.209719e-06,8.247826e-06,1.02577105e-05,5.54634e-06,7.8100375e-06,1.2852374e-05,2.2688298e-05,0.9998542,1.0359766e-05,5.2802466e-06,4.4771336e-06,8.473516e-06,6.4636292e-06,4.1807384e-06,5.3135304e-06,6.568095e-06,3.854938e-06,7.041834e-06
"The Awakening, and Selected Short Stories",2.9788412e-06,3.0295394e-06,4.748281e-06,0.23895834,0.041228727,3.6527888e-06,0.020999756,8.464502e-06,0.26124412,0.3492636,0.062206004,3.4775412e-06,2.9486152e-06,5.58061e-06,0.024983998,2.753411e-06,3.4994614e-06,0.0010671649,2.5388408e-06,4.6377127e-06
The Adventures of Sherlock Holmes,2.189368e-06,2.2266297e-06,3.4898583e-06,3.9923534e-06,4.965236e-06,2.6847013e-06,3.780442e-06,0.017368725,0.016744174,0.9600739,5.014637e-06,2.5558988e-06,2.1671526e-06,0.0027566592,3.1287143e-06,2.023683e-06,2.5720099e-06,0.0030104716,1.8659795e-06,3.4085938e-06
The Man Who Was Thursday: A Nightmare,3.1234094e-06,3.1765683e-06,4.978723e-06,5.6955955e-06,7.0835354e-06,3.830065e-06,5.3932777e-06,8.875299e-06,0.14857022,0.144658,0.69501704,3.6463123e-06,3.0917167e-06,0.0040921653,4.4635053e-06,2.887039e-06,3.6692963e-06,4.535645e-06,2.662055e-06,0.00759542
The Secret Garden,2.880197e-06,2.9292164e-06,0.99934185,5.252093e-06,6.5319573e-06,3.531827e-06,4.9733158e-06,8.184201e-06,1.444734e-05,1.2838569e-05,6.596945e-06,3.3623826e-06,0.0005599805,5.3958083e-06,4.115943e-06,2.6622322e-06,3.383577e-06,4.182465e-06,2.4547671e-06,4.484135e-06
The Picture of Dorian Gray,2.6012187e-06,2.6454902e-06,4.14635e-06,0.006250091,0.002628719,3.1897314e-06,0.013442524,7.3914725e-06,0.523773,0.41330096,0.012306369,0.021992385,2.5748247e-06,4.8731663e-06,0.0062630638,2.4043663e-06,3.055841e-06,3.7773484e-06,2.2169966e-06,4.0497985e-06
The Phantom of the Opera,2.6813848e-06,2.7270205e-06,4.2741344e-06,0.09134401,6.081074e-06,3.2880346e-06,4.630021e-06,7.6192673e-06,0.6719819,0.22909753,0.002972522,3.1302864e-06,0.0045448015,5.0233502e-06,3.8318303e-06,2.4784654e-06,3.1500178e-06,3.893761e-06,2.2853212e-06,4.1746075e-06
Nouveaux souvenirs entomologiques - Livre II / Étude sur l'instinct et les moeurs des insectes,3.7295393e-07,3.793014e-07,5.9448956e-07,6.800885e-07,8.458169e-07,4.5733287e-07,6.4398984e-07,1.0597643e-06,1.8707482e-06,1.6624364e-06,8.5423204e-07,4.3539168e-07,3.691696e-07,6.9869805e-07,0.9999869,3.4472987e-07,4.381361e-07,5.415834e-07,3.1786544e-07,5.806463e-07
The Red House Mystery,4.9634327e-06,5.047908e-06,7.911725e-06,9.050913e-06,0.7700373,6.0863845e-06,0.0049417387,1.4103803e-05,2.4897885e-05,0.1673067,1.1368491e-05,5.7943817e-06,4.91307e-06,9.298577e-06,7.092989e-06,4.587815e-06,5.830906e-06,0.057581384,4.2302913e-06,7.7274935e-06
The Railway Children,4.200772e-06,4.272267e-06,0.011860928,7.660186e-06,9.526871e-06,5.151175e-06,7.253589e-06,1.193667e-05,2.1071522e-05,0.9478591,0.018200148,4.9040405e-06,0.0024446961,7.869796e-06,6.0031093e-06,3.88287e-06,0.019525183,6.1001324e-06,3.5802818e-06,6.540118e-06
A Journey to the Centre of the Earth,0.0014739592,2.176463e-06,3.4112309e-06,3.9024044e-06,4.8533675e-06,2.6242142e-06,3.6952674e-06,0.54116255,0.15557297,0.26745123,4.9016544e-06,2.4983137e-06,2.1183262e-06,4.0091877e-06,3.0582232e-06,1.9780887e-06,2.5140616e-06,0.03210033,1.8239383e-06,0.0021954023
Scaramouche: A Romance of the French Revolution,1.2932331e-06,1.3152434e-06,2.0614173e-06,0.9990895,2.932905e-06,1.5858207e-06,2.2330614e-06,3.6747763e-06,6.4871783e-06,5.7646266e-06,2.9620849e-06,1.5097387e-06,1.280111e-06,2.4227643e-06,0.0008672455,1.1953651e-06,1.5192552e-06,1.8779629e-06,1.1022115e-06,2.0134153e-06
The Yellow Wallpaper,4.814325e-05,4.8962625e-05,0.0136530865,8.779012e-05,0.00010918339,5.903542e-05,8.313028e-05,0.019124044,0.113460936,0.8067481,0.04602778,5.6203113e-05,4.765475e-05,9.019236e-05,6.879907e-05,4.4499913e-05,5.6557383e-05,6.991101e-05,4.103208e-05,7.49535e-05
Thus Spake Zarathustra: A Book for All and None,1.1205653e-06,1.1396368e-06,1.7861843e-06,2.043372e-06,0.9362279,1.3740877e-06,1.934911e-06,3.1841334e-06,0.06373912,4.9949513e-06,2.5665981e-06,1.3081639e-06,1.1091952e-06,2.0992857e-06,1.6013429e-06,1.0357643e-06,1.3164097e-06,1.627224e-06,9.550482e-07,1.7445913e-06
Flatland: A Romance of Many Dimensions,5.069623e-06,5.1559055e-06,8.080993e-06,9.2445525e-06,1.1497325e-05,6.2165996e-06,8.753858e-06,0.09082958,0.8171559,0.0055710534,1.1611714e-05,5.9183494e-06,5.0181825e-06,9.497516e-06,7.24474e-06,4.685969e-06,5.955655e-06,7.3618307e-06,4.320796e-06,0.08632783
The Turn of the Screw,6.878007e-06,6.995067e-06,1.0963562e-05,1.2542175e-05,1.5598533e-05,8.434121e-06,0.00920651,1.9544146e-05,0.4554482,0.2445588,0.29062703,8.029482e-06,6.8082168e-06,1.2885372e-05,9.829009e-06,6.3575e-06,8.0800955e-06,9.987867e-06,5.8620662e-06,1.0708265e-05
The call of the wild,4.7431763e-06,4.8239026e-06,7.560636e-06,8.649271e-06,1.0756981e-05,5.816296e-06,8.1901735e-06,1.3477935e-05,2.3792038e-05,2.1142709e-05,1.0864004e-05,5.537251e-06,4.695048e-06,8.885945e-06,6.778232e-06,0.99983037,5.5721544e-06,6.8877825e-06,4.0425684e-06,7.3845795e-06
Kim,1.5390984e-06,1.5652931e-06,2.4533272e-06,2.8065747e-06,0.9859783,1.8873117e-06,2.6576038e-06,4.3734126e-06,7.720511e-06,0.012059714,3.5252267e-06,1.7967652e-06,1.5234815e-06,0.0017675946,2.1994472e-06,1.422624e-06,1.8080909e-06,2.234995e-06,1.3117603e-06,0.000153556
Faust: Der Tragödie erster Teil,1.802364e-06,1.8330393e-06,2.872973e-06,3.2866444e-06,4.087555e-06,0.9999361,3.1121917e-06,5.121493e-06,9.040612e-06,8.033997e-06,4.1282233e-06,2.104105e-06,1.7840757e-06,3.3765784e-06,2.5756665e-06,1.6659664e-06,2.117368e-06,2.6172947e-06,1.5361393e-06,2.806073e-06
"The Descent of Man, and Selection in Relation to Sex",8.656334e-07,8.8036603e-07,1.379822e-06,1.5784988e-06,1.9631575e-06,0.0010799038,1.4947132e-06,0.9740321,4.342239e-06,3.8585836e-06,1.9826894e-06,1.0105526e-06,8.5684997e-07,1.6216919e-06,0.01976445,8.0012484e-07,1.0169226e-06,1.2570257e-06,7.377719e-07,0.005097903
Up from Slavery: An Autobiography,2.8411696e-06,2.889525e-06,4.528832e-06,0.9359077,6.4434475e-06,3.4839697e-06,4.905926e-06,0.010916096,0.051306177,1.2664583e-05,6.5075546e-06,0.0017966456,2.8123407e-06,5.322694e-06,4.060171e-06,2.6261582e-06,3.3377287e-06,4.1257917e-06,2.4215044e-06,4.423374e-06
O Pioneers!,3.7178045e-06,3.7810796e-06,5.9261906e-06,6.7794863e-06,8.431555e-06,4.558939e-06,6.419636e-06,1.0564298e-05,1.8649078e-05,1.6572223e-05,0.99987215,4.3402174e-06,3.6800807e-06,6.9649964e-06,5.312925e-06,3.436452e-06,4.3675755e-06,5.3987933e-06,3.168653e-06,5.788194e-06
My Ántonia,2.3586374e-06,2.3987802e-06,3.7596744e-06,4.301019e-06,5.34912e-06,2.892267e-06,4.072724e-06,6.702167e-06,1.1831348e-05,0.0002034809,0.99972594,2.7535066e-06,2.3347047e-06,4.41871e-06,3.3706085e-06,2.1801427e-06,2.770863e-06,3.4250847e-06,2.0102464e-06,3.6721267e-06
Siddhartha,0.007505292,7.0932674e-06,1.1117474e-05,1.27182475e-05,0.73016137,8.5525235e-06,1.2043172e-05,1.9818515e-05,0.2621353,3.1089436e-05,1.5974883e-05,8.142204e-06,6.903794e-06,1.3066263e-05,9.966994e-06,6.4467495e-06,8.193528e-06,1.0128082e-05,5.944361e-06,1.0858593e-05
"Library of the World's Best Literature, Ancient and Modern — Volume 11",9.279108e-07,0.00065622,0.003055945,0.022298181,0.064277366,1.137846e-06,1.6022492e-06,0.080195546,0.76456505,0.022683334,0.0020571842,1.0832562e-06,9.1849546e-07,0.016223893,0.003299433,8.5768926e-07,0.012575159,0.00014211255,7.9085044e-07,0.007963291
A Room with a View,2.7710378e-06,2.8181994e-06,0.0033948342,5.0530393e-06,0.6195075,3.397971e-06,0.0037328445,7.87402e-06,0.21251188,0.15878998,6.346921e-06,0.001711733,2.7429205e-06,5.19131e-06,3.959949e-06,2.5613338e-06,3.2553396e-06,4.02395e-06,2.3617317e-06,0.0002989267
"The Will to Believe, and Other Essays in Popular Philosophy",1.4865178e-06,1.5118176e-06,2.3695136e-06,2.710693e-06,3.3712524e-06,0.002501417,2.5668114e-06,0.0012642177,0.9931326,6.6262064e-06,3.4047937e-06,1.7353819e-06,1.4714344e-06,2.784867e-06,0.003062876,1.3740225e-06,1.7463207e-06,2.1586402e-06,1.2669464e-06,2.314337e-06
Dubliners,2.4304559e-06,2.471821e-06,0.17276634,0.032975227,0.028387241,2.9803343e-06,0.017285652,6.9062426e-06,0.023427987,0.70885885,0.0090366695,0.007222286,2.4057945e-06,4.5532565e-06,3.473241e-06,2.2465263e-06,2.8552336e-06,3.5293758e-06,2.0714567e-06,3.7839402e-06
The House of Mirth,1.3404759e-06,1.3632902e-06,2.1367223e-06,2.444383e-06,3.040046e-06,1.6437518e-06,0.80288374,3.8090184e-06,0.18837667,0.008705389,3.070292e-06,1.5648905e-06,1.3268743e-06,2.5112697e-06,1.915606e-06,1.2390326e-06,1.5747546e-06,1.946566e-06,1.1424761e-06,2.0869666e-06
The Hound of the Baskervilles,3.7808989e-06,3.8452476e-06,6.026763e-06,6.8945396e-06,8.574646e-06,4.636308e-06,6.5285826e-06,0.010630337,0.038941577,0.94552624,8.659957e-06,0.0031945559,3.7425345e-06,7.083198e-06,5.40309e-06,3.4947716e-06,4.441697e-06,0.0016250976,3.2224275e-06,5.8864243e-06
The Wind in the Willows,2.840923e-06,2.889274e-06,4.5284387e-06,5.180476e-06,6.442888e-06,3.4836673e-06,4.9055e-06,8.072601e-06,1.4250267e-05,1.2663452e-05,6.5069894e-06,3.3165336e-06,0.99989855,5.322232e-06,4.0598184e-06,2.6259302e-06,3.337439e-06,4.1254334e-06,2.4212943e-06,4.42299e-06
Howards End,1.8409077e-06,1.872239e-06,0.0014645801,3.3569295e-06,4.174968e-06,2.2574038e-06,3.178746e-06,8.3259205e-05,0.2362178,0.19506621,0.025407052,0.010291483,1.8222283e-06,3.4487869e-06,0.0009960684,1.7015932e-06,2.1626481e-06,0.53044325,1.5689898e-06,2.8660813e-06
"Harper's Young People, June 15, 1880 / An Illustrated Weekly",1.0096178e-05,1.026801e-05,0.06250044,0.019904729,0.11894015,1.23803875e-05,1.7433349e-05,0.18906958,0.02163079,0.18995936,0.32003182,0.013878598,9.993734e-06,0.008250111,1.4427934e-05,9.332129e-06,0.030426838,0.025299273,8.604886e-06,1.5718588e-05
"The Smoky God; Or, A Voyage to the Inner World",8.411061e-06,0.0036663425,1.3407254e-05,1.5337728e-05,1.9075325e-05,1.0314021e-05,1.4523612e-05,0.459825,0.3292145,0.12361714,1.9265108e-05,9.819191e-06,8.3257155e-06,0.021061104,1.2019819e-05,7.774537e-06,0.04071435,0.0046113785,7.168675e-06,0.01714469
Original Short Stories — Volume 13,6.548782e-06,6.660239e-06,1.0438776e-05,0.09134287,0.011486173,8.030411e-06,1.1307963e-05,1.8612474e-05,0.33839262,0.33524722,0.2135424,7.645141e-06,6.4823325e-06,0.009864564,9.358531e-06,6.0531897e-06,7.693331e-06,9.509785e-06,5.5814708e-06,1.01957e-05
Herland,4.6953865e-06,4.775299e-06,7.484459e-06,8.562125e-06,0.04230976,5.7576935e-06,0.004624283,0.074856274,0.64540887,0.14316642,0.05333546,5.4814604e-06,4.647743e-06,0.024059013,6.7099377e-06,4.3400532e-06,5.516012e-06,0.012170656,4.0018376e-06,7.310176e-06
Minna,0.99996614,9.644202e-07,1.5115623e-06,1.729208e-06,2.1505928e-06,1.1628247e-06,1.6374229e-06,2.69458e-06,4.7565645e-06,4.2269453e-06,2.1719893e-06,1.1070365e-06,9.3865884e-07,1.7765251e-06,1.35514e-06,8.765178e-07,1.1140146e-06,1.3770419e-06,8.0821167e-07,1.4763642e-06
Dracula,1.6751187e-06,1.7036283e-06,2.670201e-06,3.0546103e-06,0.0018004127,2.0541058e-06,2.8924737e-06,4.75992e-06,0.01712916,0.29347804,3.8367743e-06,1.9555573e-06,1.6581215e-06,0.68591356,2.393827e-06,1.5483506e-06,0.001642178,2.432516e-06,1.4276893e-06,2.607967e-06
The Time Machine,5.773887e-06,5.8721553e-06,9.203592e-06,1.0528791e-05,1.3094515e-05,7.0802e-06,9.96993e-06,0.039560076,0.14185205,0.7973993,1.3224794e-05,6.740517e-06,5.7153e-06,1.0816895e-05,8.251168e-06,5.3369363e-06,6.783005e-06,8.384524e-06,4.9210344e-06,0.021056911
The Enchanted Castle,3.268691e-06,3.3243223e-06,0.0060817883,0.60951656,0.0084891515,4.008216e-06,0.00861995,9.288123e-06,1.6396265e-05,0.36721146,7.4867703e-06,3.815916e-06,3.235524e-06,6.1236196e-06,4.6711198e-06,3.021326e-06,3.839969e-06,4.746615e-06,2.7858773e-06,5.0889753e-06
The war of the worlds,2.8199272e-06,2.867921e-06,4.4949716e-06,5.14219e-06,6.3952725e-06,3.4579216e-06,4.8692464e-06,0.04412752,1.4145513e-05,0.93016756,6.4589e-06,3.2920227e-06,2.7913138e-06,5.282898e-06,4.0298146e-06,2.6065234e-06,3.3127737e-06,4.094945e-06,2.4033998e-06,0.025626447
The Ragged Trousered Philanthropists,1.0644095e-06,1.0825253e-06,0.9999626,1.9409706e-06,2.4139592e-06,1.3052269e-06,1.8379454e-06,3.0245644e-06,5.3393005e-06,4.744638e-06,2.437976e-06,1.2426067e-06,1.0536091e-06,1.9940824e-06,1.5210935e-06,9.838582e-07,1.2504394e-06,1.5456776e-06,9.0718714e-07,1.6571631e-06
"Prophets of Dissent : Essays on Maeterlinck, Strindberg, Nietzsche and Tolstoy",2.488228e-06,2.5305762e-06,3.9662423e-06,4.5373304e-06,5.6430167e-06,0.006386405,4.296492e-06,7.070404e-06,0.9879766,1.1091309e-05,5.69916e-06,2.9047924e-06,2.4629803e-06,4.6614873e-06,0.005564796,2.299926e-06,2.9231026e-06,3.6132692e-06,2.1206954e-06,3.8738845e-06
"Prophets of Dissent : Essays on Maeterlinck, Strindberg, Nietzsche and Tolstoy",2.4936721e-06,2.536113e-06,3.97492e-06,4.5472575e-06,5.655363e-06,0.0064027756,4.3058926e-06,7.0858737e-06,0.9879407,1.1115577e-05,5.7116295e-06,2.911148e-06,2.4683693e-06,4.6716864e-06,0.005584164,2.3049583e-06,2.9294981e-06,3.6211748e-06,2.1253354e-06,3.8823605e-06
Pygmalion,4.5644324e-06,4.6421164e-06,0.99983984,8.323327e-06,1.035161e-05,5.597112e-06,7.881531e-06,1.2970026e-05,2.289662e-05,2.0346133e-05,1.04546e-05,5.3285826e-06,4.5181177e-06,8.551083e-06,6.522798e-06,4.2190095e-06,5.3621707e-06,6.62822e-06,3.8902263e-06,7.1062955e-06
The Souls of Black Folk,1.9918014e-06,2.025701e-06,3.1749369e-06,0.5190078,0.0014109564,2.4424364e-06,3.4392986e-06,0.0033706434,0.38444778,8.878545e-06,0.086099535,2.3252571e-06,1.971591e-06,0.001169228,2.8463821e-06,1.8410677e-06,2.339914e-06,2.8923855e-06,1.6975953e-06,0.004456139
A Floating Home,2.9825528e-06,3.0333144e-06,4.7541976e-06,5.438741e-06,6.764089e-06,3.6573404e-06,5.1500565e-06,8.475049e-06,1.4960713e-05,1.3294742e-05,6.8313857e-06,3.4818743e-06,2.9522894e-06,5.587564e-06,4.2622146e-06,2.7568422e-06,0.9998941,4.331101e-06,2.5420043e-06,4.6434916e-06
The strange case of Dr. Jekyll and Mr. Hyde,7.677569e-06,7.808237e-06,1.2238065e-05,1.400019e-05,1.7411849e-05,9.41458e-06,1.325707e-05,2.1816133e-05,0.5911041,0.39591363,1.758508e-05,0.01278236,7.5996654e-06,1.4383284e-05,1.0971623e-05,7.096553e-06,9.019399e-06,1.1148947e-05,6.5435256e-06,1.19530905e-05
On the Road to Bagdad: A Story of Townshend's Gallant Advance on the Tigris,0.00067997794,1.6406887e-06,2.5714967e-06,2.9417592e-06,3.6586262e-06,1.9782178e-06,2.7856127e-06,4.584067e-06,8.092253e-06,0.11193681,3.6950264e-06,1.8833101e-06,1.5968631e-06,0.88660645,2.305388e-06,1.4911476e-06,0.0007313528,2.342648e-06,1.374944e-06,2.511617e-06
Beyond Good and Evil,2.1742405e-06,2.211245e-06,3.4657453e-06,3.9647684e-06,0.00762814,2.6661514e-06,3.7543211e-06,6.1781957e-06,0.9760741,9.691731e-06,4.9799874e-06,2.5382392e-06,2.152179e-06,4.073258e-06,0.014347564,2.0097004e-06,2.5542386e-06,3.1573138e-06,1.8530866e-06,0.0018927755
Anne of Green Gables,1.6939188e-06,1.7227484e-06,2.700111e-06,3.0888925e-06,3.841614e-06,2.0771593e-06,0.9999408,4.813341e-06,8.496969e-06,7.5506928e-06,3.879835e-06,1.9775046e-06,1.6767308e-06,3.1734153e-06,2.4206931e-06,1.565728e-06,1.9899696e-06,2.4598166e-06,1.4437124e-06,2.6372365e-06
Tales of Men and Ghosts,1.970588e-06,2.0041264e-06,3.1411228e-06,0.0043076607,4.4690682e-06,2.4164237e-06,0.105591446,5.5995088e-06,0.4154237,0.4714085,0.0032265643,2.3004923e-06,1.9505928e-06,3.6917322e-06,2.816067e-06,1.8214597e-06,2.3149933e-06,2.8615807e-06,1.6795153e-06,3.0679787e-06
The Outline of History: Being a Plain History of Life and Mankind,7.4956006e-07,7.6231714e-07,1.1948008e-06,1.3668367e-06,0.0036709406,9.191442e-07,1.294286e-06,0.035122223,0.2271441,0.008001611,1.7168292e-06,0.00037275194,7.419544e-07,0.0053101927,1.0711581e-06,6.9283556e-07,8.805627e-07,1.0884703e-06,6.388436e-07,0.72036505
Relativity : the Special and General Theory,4.8130555e-06,4.894971e-06,7.6720235e-06,8.776697e-06,1.0915459e-05,5.901985e-06,8.310836e-06,1.3676499e-05,0.037212845,2.1454252e-05,1.1024059e-05,5.6188287e-06,4.764218e-06,9.016858e-06,6.8780923e-06,4.4488174e-06,5.6542467e-06,6.989257e-06,4.102126e-06,0.96264225
Pragmatism: A New Name for Some Old Ways of Thinking,0.00081156625,3.1813104e-06,4.9861555e-06,5.704098e-06,7.09411e-06,0.003270593,5.4013285e-06,0.0018293093,0.9940054,1.3943456e-05,7.1646905e-06,3.6517556e-06,3.0963322e-06,5.860182e-06,4.4701687e-06,2.891349e-06,3.674774e-06,4.5424163e-06,2.666029e-06,4.870048e-06
"South: The Story of Shackleton's Last Expedition, 1914-1917",1.1095572e-06,1.1284413e-06,1.7686372e-06,2.0232983e-06,0.0003050194,1.360589e-06,0.0005640252,0.8217543,5.565778e-06,0.044548694,0.0031498652,1.2953127e-06,1.0982988e-06,2.0786626e-06,1.5856117e-06,0.00017397662,0.12948087,1.6112385e-06,9.456661e-07,1.7274529e-06
The Invisible Man: A Grotesque Romance,3.849149e-06,3.91466e-06,0.00036775233,7.0189953e-06,8.72943e-06,4.7199997e-06,6.646432e-06,1.0937519e-05,1.9308301e-05,0.99951434,8.816281e-06,4.493551e-06,3.8100925e-06,7.2110593e-06,5.500623e-06,3.5578569e-06,4.521876e-06,5.589525e-06,3.2805967e-06,5.992682e-06
At the Foot of the Rainbow,2.8331597e-06,2.8813786e-06,4.516064e-06,0.9886707,0.008956442,3.4741477e-06,4.892095e-06,8.0505415e-06,1.4211695e-05,1.2628927e-05,0.002287036,3.3074705e-06,2.8044121e-06,5.307688e-06,4.0487243e-06,2.6187545e-06,3.3283188e-06,4.11416e-06,2.4146777e-06,4.4109033e-06
The Age of Innocence,1.6664331e-06,1.694795e-06,2.6562989e-06,0.14106175,3.7792797e-06,0.010433386,0.072793,4.7352396e-06,0.13874535,0.63692915,3.8168805e-06,1.9454176e-06,1.649524e-06,3.1219233e-06,2.3814148e-06,1.5403224e-06,1.9576803e-06,2.4199035e-06,1.4202866e-06,2.5944446e-06
Germinal,2.0677327e-07,2.1029244e-07,3.2959716e-07,3.7705493e-07,4.689381e-07,2.5355467e-07,3.570411e-07,5.875549e-07,1.0371754e-06,9.216883e-07,4.7360365e-07,2.4139004e-07,2.0467517e-07,3.8737244e-07,0.9999927,1.9112528e-07,2.429116e-07,3.0026487e-07,1.7623108e-07,3.2192216e-07
A Shropshire Lad,1.8135479e-05,1.8444136e-05,0.15876724,0.009848655,0.32108697,2.2238539e-05,0.019319832,5.1532723e-05,0.12266969,0.10704881,0.2158538,0.029576339,1.795146e-05,3.3975306e-05,2.591649e-05,1.6763039e-05,0.01555365,2.6335356e-05,1.5456713e-05,2.8234854e-05
Insectivorous Plants,9.0003834e-07,9.1535657e-07,1.4346637e-06,1.6412368e-06,2.0411842e-06,1.1036675e-06,1.5541211e-06,2.5574968e-06,4.514648e-06,4.011917e-06,2.061492e-06,1.0507175e-06,8.909058e-07,1.6861467e-06,0.006862994,8.319261e-07,1.0573406e-06,1.3069867e-06,7.67095e-07,0.99310666
"The Extraordinary Adventures of Arsène Lupin, Gentleman-Burglar",3.7103473e-06,3.7734953e-06,5.9143035e-06,0.34951413,8.414643e-06,4.5497945e-06,6.406759e-06,0.0142993415,0.28176522,0.3092296,8.498362e-06,0.003333156,3.672699e-06,0.0063383123,5.3022686e-06,3.429559e-06,4.3588147e-06,0.03545329,3.1622972e-06,5.7765837e-06
A princess of Mars,2.9630241e-06,3.0134531e-06,4.7230683e-06,5.4031298e-06,6.7198e-06,3.6333934e-06,5.1163356e-06,0.047349766,0.29248974,0.3002594,6.7866563e-06,3.4590762e-06,2.9329588e-06,0.35983446,4.2343067e-06,2.7387912e-06,3.48088e-06,4.302742e-06,2.52536e-06,4.613087e-06
Arizona nights,2.568761e-06,2.6124799e-06,4.094612e-06,4.6841838e-06,0.9999116,3.14993e-06,4.4355506e-06,7.299242e-06,1.2885264e-05,1.1450331e-05,5.8836163e-06,2.9988078e-06,2.5426962e-06,4.812359e-06,3.6708855e-06,2.3743646e-06,3.0177105e-06,3.7302148e-06,2.189333e-06,3.999265e-06
Arizona nights,2.5800068e-06,2.623917e-06,4.1125377e-06,4.7046906e-06,0.9999112,3.1637203e-06,4.454969e-06,7.331197e-06,1.2941676e-05,1.15004605e-05,5.9093745e-06,3.0119363e-06,2.553828e-06,4.8334273e-06,3.6869562e-06,2.3847595e-06,3.0309216e-06,3.7465452e-06,2.1989176e-06,4.0167733e-06
The Story of Mankind,1.0531629e-06,1.0710872e-06,6.4879896e-05,0.016852217,2.3884531e-06,1.2914358e-06,1.8185256e-06,0.00040057607,0.056035783,4.694519e-06,0.031206738,0.05215509,1.0424767e-06,0.03301354,1.5050216e-06,9.734626e-07,1.2372271e-06,1.5293459e-06,8.9760175e-07,0.8102517
Tarzan of the Apes,2.1289793e-06,2.1652136e-06,3.393599e-06,3.8822336e-06,4.828282e-06,2.6106502e-06,3.6761676e-06,0.0076070656,0.072365634,0.075155966,4.876319e-06,2.4854005e-06,2.107377e-06,0.8448234,3.042416e-06,1.9678644e-06,2.501067e-06,3.0915878e-06,1.8145108e-06,3.3145757e-06
"Barry Locke, half-back",2.5625727e-06,2.6061864e-06,4.0847476e-06,4.672899e-06,5.8116216e-06,3.1423417e-06,4.424865e-06,7.281658e-06,1.2854121e-05,1.1422719e-05,5.8694422e-06,2.9915834e-06,2.5365707e-06,4.800766e-06,3.6620422e-06,2.3686448e-06,3.0104407e-06,0.99990976,2.1840588e-06,3.989631e-06
"Barry Locke, half-back",2.5749237e-06,2.6187474e-06,4.1044354e-06,4.6954215e-06,5.839632e-06,3.157487e-06,4.4461917e-06,7.3167535e-06,1.2916075e-05,1.14777695e-05,5.8977316e-06,3.006002e-06,2.5487964e-06,4.8239044e-06,3.6796923e-06,2.380061e-06,3.0249503e-06,0.99990934,2.1945852e-06,4.00886e-06
The marvellous land of Snergs,3.8931075e-06,3.959366e-06,6.205624e-06,7.0991546e-06,0.999866,4.7739036e-06,6.7223364e-06,1.1062429e-05,1.9528436e-05,1.7353674e-05,8.916965e-06,4.5448687e-06,3.853605e-06,7.2934117e-06,5.563442e-06,3.5984885e-06,4.573517e-06,5.6533586e-06,3.318062e-06,6.06112e-06
The marvellous land of Snergs,3.8948715e-06,3.9611605e-06,6.208436e-06,7.1023715e-06,0.99986595,4.776067e-06,6.7253827e-06,1.1067441e-05,1.9537285e-05,1.7361852e-05,8.921005e-06,4.5469283e-06,3.855351e-06,7.296717e-06,5.565963e-06,3.6001193e-06,4.575589e-06,5.6559206e-06,3.3195656e-06,6.0638667e-06
1066 and all that,5.2690007e-06,5.3586764e-06,8.398802e-06,9.608121e-06,1.1949491e-05,6.4610854e-06,9.098129e-06,1.4972086e-05,2.6429469e-05,2.3486507e-05,1.2068378e-05,0.99981284,5.215537e-06,9.8710325e-06,7.5296607e-06,4.870258e-06,6.1898786e-06,7.651356e-06,4.490724e-06,8.2032275e-06
1066 and all that,5.371705e-06,5.4631287e-06,8.562512e-06,9.795404e-06,1.2182412e-05,6.5870263e-06,9.275472e-06,1.5263924e-05,2.6944641e-05,2.394431e-05,1.2303617e-05,0.9998092,5.3171993e-06,1.0063441e-05,7.67643e-06,4.9651903e-06,6.3105326e-06,7.800498e-06,4.578258e-06,8.363127e-06
Pour comprendre Einstein,6.8251626e-07,6.941324e-07,1.0879328e-06,1.2445812e-06,1.5478689e-06,8.3693214e-07,1.1785197e-06,1.9393985e-06,3.423513e-06,3.0423034e-06,1.5632688e-06,7.9677915e-07,6.755909e-07,1.2786372e-06,0.999976,6.3086543e-07,8.0180155e-07,9.91113e-07,5.8170275e-07,1.0625993e-06
Pour comprendre Einstein,6.8311664e-07,6.9474294e-07,1.0888898e-06,1.245676e-06,1.5492304e-06,8.376684e-07,1.1795564e-06,1.9411048e-06,3.4265245e-06,3.0449796e-06,1.564644e-06,7.9748e-07,6.761852e-07,1.279762e-06,0.9999759,6.314204e-07,8.0250686e-07,9.919848e-07,5.8221445e-07,1.063534e-06
"Nazi conspiracy and aggression, Volume 04 (of 11)",8.036461e-07,8.173238e-07,1.2810141e-06,1.4654637e-06,1.8225775e-06,0.0009486674,1.387678e-06,0.983292,0.01482517,3.582272e-06,1.8407106e-06,9.3818784e-07,7.9549164e-07,0.0009135052,1.1484498e-06,7.4282855e-07,9.441016e-07,1.1670112e-06,6.849407e-07,1.2511845e-06
Peter Pan,5.05835e-06,5.1444404e-06,8.063023e-06,9.223996e-06,1.14717595e-05,6.202776e-06,8.734392e-06,1.4373513e-05,2.5373343e-05,0.999837,1.1585894e-05,5.905189e-06,5.007024e-06,9.476396e-06,7.2286307e-06,4.675549e-06,5.942412e-06,7.3454603e-06,4.311188e-06,7.875268e-06
Peter Pan,5.088447e-06,5.1750494e-06,8.110998e-06,9.278878e-06,1.1540015e-05,6.239682e-06,8.786362e-06,1.4459035e-05,2.5524312e-05,0.999836,1.1654829e-05,5.9403246e-06,5.0368153e-06,9.5327805e-06,7.2716402e-06,4.703368e-06,5.977769e-06,7.389165e-06,4.3368395e-06,7.922126e-06
The boy who couldn't fly,1.7967965e-05,1.827377e-05,2.8640985e-05,3.2764918e-05,4.0749288e-05,2.2033126e-05,0.99937195,5.1056722e-05,9.0129346e-05,8.009279e-05,4.1154708e-05,2.0976055e-05,1.7785645e-05,3.366148e-05,2.5677104e-05,1.66082e-05,2.1108275e-05,2.6092099e-05,1.5313943e-05,2.7974053e-05
"Frankenstein; or, the modern prometheus",2.4541496e-06,2.495918e-06,3.911921e-06,4.4751873e-06,0.00037066633,3.0093884e-06,4.2376478e-06,0.019880177,0.94770485,0.020514915,5.6211047e-06,2.8650088e-06,2.4292476e-06,0.010532218,3.5071002e-06,2.2684267e-06,2.883068e-06,0.0009510987,2.0916505e-06,3.820828e-06
Democracy and Education: An Introduction to the Philosophy of Education,1.0973217e-06,1.1159976e-06,1.7491338e-06,2.0009868e-06,2.4886003e-06,1.3455852e-06,1.8947758e-06,3.118086e-06,0.99996525,4.891315e-06,2.5133597e-06,1.2810289e-06,1.0861874e-06,2.0557407e-06,1.5681267e-06,1.0142796e-06,1.2891037e-06,1.5934709e-06,9.352379e-07,1.7084036e-06
White Fang,2.2073498e-06,2.2449178e-06,3.5185217e-06,4.0251434e-06,5.006017e-06,2.7067515e-06,3.8114918e-06,6.272277e-06,1.1072481e-05,9.839333e-06,5.0558224e-06,2.5768913e-06,2.184952e-06,0.9147188,3.1544112e-06,0.08520645,2.5931345e-06,3.205393e-06,1.8813053e-06,3.4365894e-06
